scorer,,,rats,rats,rats,rats,rats,rats,rats,rats,rats,rats,rats,rats,rats,rats,rats,rats,rats,rats,rats,rats,rats,rats,rats,rats,rats,rats,rats,rats,rats,rats,rats,rats,rats,rats,rats,rats,rats,rats
bodyparts,,,head,head,nose,nose,spine1,spine1,spine2,spine2,spine3,spine3,tailbase,tailbase,tail1,tail1,tail2,tail2,tail_tip,tail_tip,L_hip,L_hip,L_backpaw,L_backpaw,R_backpaw,R_backpaw,L_shoulder,L_shoulder,R_frontpaw,R_frontpaw,R_shoulder,R_shoulder,R_hip,R_hip,R_knee,R_knee,L_knee,L_knee,L_frontpaw,L_frontpaw
coords,,,x,y,x,y,x,y,x,y,x,y,x,y,x,y,x,y,x,y,x,y,x,y,x,y,x,y,x,y,x,y,x,y,x,y,x,y,x,y
labeled-data,RAT 4 FR1 10-03-25,img24071.png,1473.4791739901261,766.3221973625326,1741.5531924115398,744.6157991097865,1353.0086636873855,645.851687059792,1216.2583546950852,562.2820537867196,1068.654846576412,654.5342463608904,973.1466942643292,810.820313780662,853.7615038742259,828.1854323828588,719.1818347072003,823.8441527323097,595.4553646665477,852.0624704608796,,,,,1216.2583546950852,956.2531820740606,,,1439.8342566983697,1005.0925781427393,1320.4490663082663,932.37614399604,1148.9685201115724,819.5028730817604,1158.7363993253082,930.2055041707654,,,1646.045040099457,999.6659785795528
